id,source,number,text,option1,option2,option3,option4,correct,rationale
core-q1,core,1,"Under California Business and Professions Code § 5536.22 (Architects Practice Act), which of the following is NOT an explicit statutory requirement for an architect's written agreement for professional services?",Description of services to be provided,Method of payment and compensation terms,Provision for professional liability insurance limits,Procedure that the architect and client will use to accommodate additional services,3,"B&P Code § 5536.22 requires scope of work, compensation method, client/architect info, and additional services procedures. It does NOT legally require professional liability insurance to be provided or stated."
core-q2,core,2,"Under the California Environmental Quality Act (CEQA), if an Initial Study shows that a proposed project may have significant environmental impacts, but the applicant agrees to design revisions that eliminate or reduce them below significant levels, what document should the lead agency prepare?",Notice of Exemption (NOE),Mitigated Negative Declaration (MND),Full Environmental Impact Report (EIR),Statement of Overriding Considerations,2,"When revisions made in the project plans before public review mitigate significant effects to a point where clearly no significant effects occur, a Mitigated Negative Declaration (MND) is issued per CEQA Guidelines § 15070."
core-q3,core,3,"Under the California Coastal Act, an architect is designing a project within the Coastal Zone where a Local Coastal Program (LCP) has been fully certified by the California Coastal Commission. Who is the primary permit-issuing authority for the Coastal Development Permit (CDP)?",The California Coastal Commission,The local city or county government with jurisdiction,The California Department of Fish and Wildlife,The Regional Water Quality Control Board,2,"Once an LCP has been fully certified by the Coastal Commission, the authority to issue Coastal Development Permits delegates to the local government (PRC § 30519), subject to appeals on specific coastal segments."
core-q4,core,4,"Under 2022/2025 CBC Chapter 11B Section 11B-202.4 (Path of Travel Requirements), when an alteration to an existing building has an adjusted construction cost exceeding the annual valuation threshold, how much must the applicant spend on path of travel improvements if not fully compliant?",10% of the total adjusted construction cost,20% of the total adjusted construction cost,Up to the full valuation threshold amount,"Path of travel improvements are exempt if under $500,000",2,"If the construction cost exceeds the valuation threshold, an unreasonable hardship exemption is not available, but if an alteration is compliant up to 20% of the adjusted construction cost, additional path of travel upgrades are not required beyond that 20% cap."
core-q5,core,5,"According to CALGreen (Title 24 Part 11) mandatory provisions for non-residential new construction, what minimum percentage of nonhazardous construction and demolition (C&D) debris must be diverted from landfills?",50%,65%,75%,100%,2,CALGreen Section 5.408.1 mandates recycling and/or salvaging for reuse a minimum of 65% of nonhazardous construction and demolition waste.
core-q6,core,6,Which California state agency has exclusive plan review and construction inspection authority over structural safety and accessibility for public K-12 schools and community colleges under the Field Act?,Department of Housing and Community Development (HCD),Department of Health Care Access and Information (HCAI),Division of the State Architect (DSA),California Architects Board (CAB),3,The Division of the State Architect (DSA) enforces the Field Act for structural safety and Title 24 accessibility for California K-12 public schools and community colleges.
core-q7,core,7,"Under California Civil Code, within how many days after an owner records a valid 'Notice of Completion' must a prime contractor file a Mechanic's Lien?",30 days,60 days,90 days,120 days,2,"Per California Civil Code § 8412, when a valid Notice of Completion or Notice of Cessation is recorded, the direct (prime) contractor has 60 days to record a mechanic's lien (subcontractors have 30 days per § 8414). Without a notice, all parties have 90 days."
core-q8,core,8,"Under the California Architects Practice Act, which of the following is an architect permitted to seal/stamp?",Plans prepared by a licensed general contractor for design-build,Drawings prepared under the architect's immediate and responsible control,Drawings prepared by an unlicensed draftsperson without architect supervision,Documents prepared by an out-of-state architect who is not licensed in California,2,B&P Code § 5536.1 and Title 16 CCR § 151 require that architects only sign and stamp plans prepared under their direct 'responsible control'.
e1-q1,exam1,1,Which of the following types of soil have the best bearing capacity?,Clay,Sandy,Gravel,Silty,3,"Gravel has the highest bearing capacity, followed by sandy soil, clay, and lastly silty soil."
e1-q2,exam1,2,What is the purpose of the Environmental Protection Agency's National Priorities List (NPL)?,Identifies hazardous sites that need to be cleaned up through the Superfund program,Identifies endangered species that need to be protected by the federal Endangered Species Act,"Identifies pesticides that need to be registered under the Federal Insecticide, Fungicide and Rodenticide Act (FIFRA)",Identifies business operations that emit large quantities of greenhouse gas that is regulated by the Climate Action Plan,1,The National Priorities List (NPL) identifies priority hazardous waste sites for cleanup under the Federal Superfund program.
e1-q3,exam1,3,Which of the following is NOT one of six principal pollutants identified by EPA in its National Air Quality Standards?,Carbon Dioxide,Nitrogen Dioxide,Sulfur Dioxide,Lead,1,"The 6 criteria pollutants under NAAQS are Carbon Monoxide, Lead, Nitrogen Dioxide, Ozone, Particle Pollution (PM), and Sulfur Dioxide. Carbon Dioxide is not one of the six."
e1-q4,exam1,4,"What effects do user characteristics have on architectural programming?
A. Favoring some adjacencies over others
B. Altering circulation patterns
C. Affecting the size of program spaces
D. Creating a need for additional program spaces based on needs of culture, age, disability, etc.","A, B and C","A, C and D","B, C and D",All of the above,4,"User characteristics such as age, accessibility needs, and group dynamics affect all spatial adjacencies, sizing, and circulation requirements."
e1-q5,exam1,5,Identify the version of the LEED rating system launched in November 2013:,LEED 2009,LEED 2013,LEED v3,LEED v4,4,LEED v4 was introduced in November 2013 at Greenbuild.
e1-q6,exam1,6,Which of the following is an effective method you would use to solicit stakeholder input?,Schedule a scoping meeting with the agency having jurisdiction,Hold design charrettes and invite stakeholders to participate,Organize social gathering and invite stakeholders to participate,Publish article in local newspapers describing positive aspects of your project,2,Design charrettes are active collaborative workshops specifically designed to elicit community and stakeholder input.
e1-q7,exam1,7,Other than using a 'Bubble Diagram' what is another tool for analyzing spatial relationships?,Adjacency Matrix,Relationship Map,Adjacency Chart,Relationship Diagram,1,An Adjacency Matrix is the standard architectural tool used alongside bubble diagrams to evaluate relationships.
e1-q8,exam1,8,Which of the following is a factor that should typically be considered when estimating the initial project cost of a project during programming phase?,Cost of finish materials,Cost of utilities and infrastructure,Labor cost relative to the geographic location of the project,Escalation,4,"Escalation accounts for inflation across the multi-year duration of design and construction, making it critical even at the programming stage."
e1-q9,exam1,9,Which of the following are projects exempt from the provisions of the California Environmental Quality Act (CEQA)?,"In an urbanized area, a construction project with a scope of four single-family units",A garage,A repair to a public service building required for maintaining service,A maintenance project of 2 miles within a public street,2,"Per CEQA categorical exemptions (Class 3), accessory structures like garages are exempt. Note: urban single-family exemptions cover up to 3 units, maintenance in streets covers up to 1 mile, and only emergency repairs are exempt."
e1-q10,exam1,10,Which of the following is the correct qualification of inspectors for Essential Services Buildings?,Meet the qualification for inspectors as specified by the California Division of State Architect,Meet the qualification for inspectors in the California Building Code,Certified by the International Conference of Building Officials,Certified by the State of California,3,Inspectors must be certified by ICBO / ICC according to the Essential Services Buildings Seismic Safety Act.
e1-q11,exam1,11,"Besides the structural system what other components of an essential services building are regulated by the Essential Services Building Seismic Safety Act?
A. Communication System
B. Main Transformer
C. Switch Gear
D. Intercom system
E. Emergency backup system","A, B and C","A, B, C and E","B, C, D and E",All of the above,2,"The Act protects vital operational systems (communication with field emergency units, power transformers, switch gear, emergency backup). An internal intercom (D) is not regulated under the Act."
e1-q12,exam1,12,"Other than the California Green Building Standards Code, what other code or regulation also have provisions concerning sustainability?",California Water Code,California Historical Building Code,California Clean Air Act,Field Act,2,The California Historical Building Code (CHBC) expressly includes sustainability principles in its intent section to facilitate reuse and conservation.
e1-q13,exam1,13,"Per the structural provisions of the California Building Code, which of the following is a load bearing wall?",A wood stud wall that supports more than 50 lbs per lineal foot,A metal stud wall that supports more than 80 lbs per lineal foot,A CMU wall that supports more than 100 lbs per lineal foot,A reinforced concrete wall that supports more than 200 lbs per lineal foot,4,A load-bearing wall supports more than 200 lbs per lineal foot of superimposed vertical load.
e1-q14,exam1,14,The California Building Code specifies that non-load bearing partitions are to be isolated from the structural system by which of the following?,Compression struts,Slip tracks,Deflection isolators,Flex clips,2,Slip tracks accommodate structural floor/roof deflection without imposing vertical loads onto interior partitions.
e1-q15,exam1,15,Provisions for which of the following building functions or building components are included in Chapter 11B of the California Building Code?,Mechanical Access Parking Garage,Teletypewriter (TTY),Electric Vehicle Charging Station (EVCS),Destination-oriented Elevator,3,Section 11B-228 of the CBC contains extensive California-specific standards for Electric Vehicle Charging Stations (EVCS).
e1-q16,exam1,16,"According to the California Building Code when you have two exit stairs required to be separated by at least half the floor diagonal, how is this distance measured?",From the center point of the doorway of the stair enclosure to the center point of the doorway of the other stair enclosure,From any point along the doorway of the stair enclosure to any point along the doorway of the other stair enclosure,From the center point of the first riser of the exit access stairway to the center point of the first riser of the other exit access stairway,The distance between the closest risers of the exit access stairways,4,"For exit access stairways, measurement is taken between the closest risers of the respective stairs."
e1-q17,exam1,17,A third exit stair is required for which of the following?,A high-rise building with occupied floors above the height of 120 ft.,A high-rise building with occupied floors above the height of 240 ft.,A high-rise building with occupied floors above the height of 420 ft.,A high-rise building with occupied floors above the height of 600 ft.,3,CBC Section 403 requires buildings with occupied floors greater than 420 feet in height to provide an additional exit stairway.
e1-q18,exam1,18,Which of the following is NOT regulated by the California Energy Code (Title 24 Part 6)?,Indoor lighting systems,Outdoor lighting systems,Signs located either indoors or outdoors,"None of the above, they are all regulated",4,"All three categories (indoor lighting, outdoor lighting, and signs) are strictly regulated under the California Energy Code."
e1-q19,exam1,19,"According to the Retail Food Code, floor drains are required in food facilities with which of the following conditions?",In areas where the floors are water-flushed for cleaning,In areas with ceramic tile floors,In lieu of a grease trap,In areas where the floor surfaces are less than 1:50 in slope,1,Floor drains are required in food preparation facilities where floors are cleaned by water-flushing.
e1-q20,exam1,20,"Which of the following are required to file a Preliminary 20-Day Notice in order to preserve their right to record a Mechanic's Lien?
A. Prime Contractor
B. Sub-Contractor
C. Material Supplier
D. Architect (Direct Contract)",A and B,B and C,"A, B and C",All of the above,2,Claimants without direct contractual relationships to the owner (subcontractors and material suppliers) must serve a Preliminary 20-Day Notice.
e1-q21,exam1,21,Which of the following are required by the California Hospital Facilities Seismic Safety Act to meet seismic standards?,All new acute care in-patient hospitals,All acute care in-patient hospitals (new and existing),All acute care in-patient hospitals constructed prior to 1994,All acute care in-patient hospitals more than 2 stories and other than type V construction,2,"The Alfred E. Alquist Hospital Facilities Seismic Safety Act applies to all acute care in-patient hospitals, requiring both new and existing structures to comply."
e1-q22,exam1,22,The Field Act applies to which of the following?,All public schools except charter schools,All public schools,All public schools and community colleges,"All public schools, community colleges, University of California and California State University buildings",3,The Field Act covers public elementary and secondary schools (K-12) and community colleges under DSA jurisdiction. (UC/CSU are not subject to the Field Act).
e1-q23,exam1,23,"The Architects Practice Act requires licensees to report to the California Architects Board any civil action judgments, settlements, or arbitration awards of which amount?","$1,000 or greater","$2,000 or greater","$5,000 or greater","$10,000 or greater",3,"B&P Code § 5588 requires reporting settlements or judgments of $5,000 or greater within 30 days."
e1-q24,exam1,24,Which of the following is a condition where the Architect is NOT required to have a written contract with the Client?,The Architect is designing a townhouse in a development he had designed an identical townhouse for the mother of his client,The Architect is designing a post office for the US Postal Service which he had designed a similar post office for elsewhere,The Architect is designing a fast food restaurant for a national chain which he had designed a storage facility for previously,The Architect is designing a chain retail store in a mall for a national chain which he had designed an identical store for previously,4,B&P Code § 5536.22 exempts architectural services of the same general kind which the architect has previously rendered to and received payment from the same client.
e1-q25,exam1,25,"According to the Architects Practice Act, which of the following actions by an unlicensed individual qualifies as practicing architecture without a license?",Use a stamp that bears the legend 'Building Designer',Make claim on a resume of having many years of architectural experience,Tell a friend that he/she is an architect,Distribute business cards that bear the title 'Architectural Designer',1,Using professional-style stamps or holding out as an architect/building designer in commercial practice is prohibited.
e1-q26,exam1,26,Which of the following represents the exempt residential project under the California Architects Practice Act?,"Multiple dwellings with no more than 4 dwelling units of wood frame construction, not more than 2 stories and a basement in height","Multiple dwellings with no more than 3 dwelling units of wood frame construction, not more than 2 stories and a basement in height","Multiple dwellings with no more than 4 dwelling units of wood frame construction, not more than 3 stories and a basement in height","Multiple dwellings with no more than 3 dwelling units of wood frame construction, not more than 3 stories and a basement in height",1,"B&P Code § 5537 exempts multi-family dwellings of no more than 4 units of wood frame construction, not more than 2 stories and basement."
e1-q27,exam1,27,Which of the following is NOT a rule of professional conduct in the California Code of Regulations Title 16?,"An architect shall only accept work that he/she is qualified to perform by education, training, and experience",An architect shall exercise responsible control when practicing architecture,"In designing a project, an architect shall have knowledge of all applicable building laws, codes, and regulations","Whenever the Board is conducting an investigation, an architect is required to respond within 30 days",2,"The standard of care rule states an architect shall exercise reasonable skill and care. 'Responsible control' is a statutory definition for sealing documents, not phrased as this conduct rule."
e1-q28,exam1,28,Which of the following acts governs professional corporations in California?,Brown Reagan Professional Corporation Act,Deukmejian Wilson Professional Corporation Act,Davis Schwarzenegger Professional Corporation Act,Moscone Knox Professional Corporation Act,4,The Moscone-Knox Professional Corporation Act (CA Corp Code § 13400) governs professional corporations.
e1-q29,exam1,29,Variances are typically granted for properties to allow for which of the following?,"Special uses not enjoyed by nearby, similarly zoned land",The sub-division of a property,The development of a property beyond the strict physical requirements of zoning regulations,Relaxation of design guidelines that supplements zoning control,3,"A variance allows waiver of physical development standards (setbacks, height, FAR) due to site hardship, but NEVER allows a use variance in California."
e1-q30,exam1,30,Which of the following is true of the accessibility provisions of the California Building Code and the ADA Standards?,The 2 documents are exactly the same,The 2 documents are different because the state amended provisions to make many requirements more stringent,The 2 documents are different because the state excluded housing,The state never adopted ADA guidelines,2,"Meeting CBC Chapter 11B satisfies ADA, but meeting federal ADA alone does not ensure California compliance, as CBC contains more stringent requirements."
e1-q31,exam1,31,Which of the following is the document issued by the FAA in response to proposed developments adjacent to airport facilities?,Aviation Advisory Circular,Letter of Permission,Non-Obstruction Permit,Airspace Determination,1,Advisory Circulars and official determinations address obstructions to navigable airspace.
e1-q32,exam1,32,Which of the following is the environmental study document required per the National Environmental Policy Act (NEPA)?,Environmental Impact Study,Environmental Impact Statement (EIS),Environmental Impact Survey,Environmental Impact Summary,2,"Under federal NEPA, an Environmental Impact Statement (EIS) is prepared (as opposed to an EIR under California CEQA)."
e1-q33,exam1,33,Which of the following is an organization that develops consensus standards for construction materials and systems?,Underwriters Laboratories (UL),Factory Mutual (FM),American Society for Testing and Materials (ASTM),Warnock Hersey (WH),3,ASTM develops material and test standards; UL and Warnock Hersey are primarily testing and certifying laboratories.
e1-q34,exam1,34,AISC 360 is a national design standard for which of the following?,Wood,Concrete,Masonry,Steel,4,AISC is the American Institute of Steel Construction.
e1-q35,exam1,35,Which local agency is designated as a California Certified Unified Program Agency (CUPA)?,Local Building Department,Local Fire Department,Local Public Works Department,Local Environmental Health Department,2,Local Fire Departments (or Environmental Health Departments in some counties) serve as the CUPA for hazardous materials programs.
e1-q36,exam1,36,Which of the following is NOT a responsibility of Regional Water Quality Control Boards (RWQCB)?,Certifies operators of wastewater treatment facilities,Prescribe Waste Discharge Requirements (WDRs) for each discharge of waste,Cleanup unauthorized discharges into groundwater under Site Clean-Up Program,Implement BMPs to control pollutants in stormwater,1,"Operator certification is handled at the State Water Resources Control Board level, not the Regional Boards."
e1-q37,exam1,37,"In addition to the San Francisco Bay Conservation and Development Commission, which of the following regions has a regional planning authority?",Death Valley,Yosemite,Lake Tahoe Basin,Big Sur,3,The Tahoe Regional Planning Agency (TRPA) is a bi-state regional environmental planning authority.
e1-q38,exam1,38,The Water Resources Control Board protects water quality by administering programs for which of the following?,"Toxic Cleanup, Waste Disposal, and Storm Water","Toxic Cleanup, Waste Disposal, and Recycling","Toxic Cleanup, Storm Water, and Recycling",All of the above,4,"The SWRCB regulates toxic cleanup, waste disposal, stormwater permits, and water recycling."
e1-q39,exam1,39,Which federal agency is NOT under the jurisdiction of the GSA and permits its own building construction projects?,Environmental Protection Agency,Department of Housing and Urban Development,Federal Courts System,Veterans Affairs Administration,4,"The VA has independent statutory authority to design, permit, and construct its own facilities."
e1-q40,exam1,40,A Standard Permit issued by the U.S. Army Corps of Engineers is for which of the following?,Projects approved on an accelerated timeline,Projects with more than minimal individual or cumulative impact on aquatic resources,Projects with minimal impact on aquatic resources,Projects with no impact on aquatic resources,2,Standard Individual Permits are required for projects that cause more than minimal impacts on waters of the US (as opposed to Nationwide / General Permits).
e1-q41,exam1,41,"During the CEQA process, how is the Lead Agency determined when multiple public agencies are involved?","Typically, the agency that provides utility services","Typically, the agency with a single regulatory purpose","Typically, the agency with general governmental powers such as a city or a county",The Owner selects the lead agency,3,"Under CEQA Guidelines § 15051, the agency with broader governmental powers (such as a city or county) acts as the Lead Agency."
e1-q42,exam1,42,Which agency is responsible for providing CEQA implementation guidelines and operating the State Clearinghouse?,California State Clearing Board,Environmental Review Coordination Board,California Unified Program Agency,Governor's Office of Planning and Research (OPR),4,OPR develops CEQA guidelines and operates the State Clearinghouse for state-level environmental review.
e1-q43,exam1,43,Typically what happens when there are conflicting requirements between different applicable codes and regulations?,The more restrictive applies,The agency having jurisdiction will decide,Architect can choose,The less restrictive applies,1,"Standard code hierarchy principles state that where conflicts occur, the most restrictive requirement governs."
e1-q44,exam1,44,Which of the following is a responsibility of the civil engineer during Schematic Design?,Prepare boundary surveys,Prepare preliminary parking layouts,Prepare preliminary irrigation plans,Prepare stormwater pollution prevention plans,4,Civil engineers develop preliminary stormwater drainage and SWPPP strategies; boundary surveys are provided by the Owner's surveyor.
e1-q45,exam1,45,Which of the following consultants typically produces drawings for municipal planning review?,Landscape Architect,Acoustical Engineer,Structural Engineer,Lighting Designer,1,"Landscape architects prepare site landscape and planting schemes, which are standard submittals for Planning / Design Review Boards."
e1-q46,exam1,46,"The Owner has provided you with the scope, budget, and schedule. What additional item do you need to begin Schematic Design?",Geotechnical engineer report,"Tests, inspections, and reports required by law",Site survey,Information in regards to lien rights,3,A verified site boundary and topographic survey is necessary to orient and configure the building footprint during SD.
e1-q47,exam1,47,What does your local planning department do after a date has been set for your presentation to the Planning Commission?,Issue a Notice of Preparation,Notify owners and residents within a specified radius of the project site so they can comment,Notify all responsible agencies to solicit comments,Submit your project to the state OPR,2,Public hearing notices are mailed to surrounding property owners and occupants (typically within a 300 to 500-foot radius).
e1-q48,exam1,48,Typically when is a project submitted to the planning department for design and environmental review?,Schematic Design Phase,Design Development Phase,Construction Document Phase,Bid and Negotiation Phase,1,Planning entitlements and environmental reviews are best submitted during Schematic Design before spending substantial fees detailing in DD or CD.
e1-q49,exam1,49,Which of the following milestones are recommended times to exchange progress sets with consultants for interdisciplinary coordination?,"90% SD, 50% DD, 90% DD, 50% CD and 90% CD","50% DD, 90% DD, 50% CD, 75% CD and 90% CD","50% DD, 90% DD, 50% CD and 90% CD","90% DD, 50% CD and 90% CD",3,"50% DD, 90% DD, 50% CD, and 90% CD provide balanced coordination gates across design development and construction documents."
e1-q50,exam1,50,"Which of the following are methods that architectural firms typically use in their quality control process?
A. The use of Project Checklists
B. The use of updated Standard Details
C. The use of Masterspec",A,B,A and B,All of the above,3,Checklists and office standard details are internal QC systems. Masterspec is simply a third-party starting master; it does not in itself constitute firm QA/QC.
e1-q51,exam1,51,Which of the following is the best thing that an Architect can do to address the issue of Standard of Care with the client?,Explain that the architect cannot be expected to do a perfect job,Include a contractual definition of standard of care,Have the client include contingencies in his/her budget,Obtain Professional Liability Insurance,3,Educating the client to maintain realistic design/construction contingencies aligns expectations with the legal reality that perfection is not required.
e1-q52,exam1,52,Your client wants significant amounts of glazing for a panoramic view house. What structural framing system is most appropriate?,Steel Frame,Timber Frame (Heavy Timber),Platform Frame,Balloon Frame,2,Heavy timber/post-and-beam allows wide spans and large unobstructed glazed openings without the prohibitive cost of structural steel.
e1-q53,exam1,53,"According to CALGreen (Title 24 Part 11), what document is required to be submitted for permit?",Construction Debris Recycle Program,Energy Management Plan,Water Consumption Program,Construction Waste Management Plan,4,CALGreen requires a Construction Waste Management Plan documenting diversion of at least 65% of nonhazardous C&D waste.
e1-q54,exam1,54,"According to CBC Chapter 17, what is required to be submitted to the building official for permit application?",Reports of Structural Integrity,Statement of Special Inspections prepared by the registered design professional,Structural Calculations only,Soils reports only,2,Chapter 17 requires the design professional in responsible charge to prepare and submit a Statement of Special Inspections.
e1-q55,exam1,55,A 'trapeze' hanger system is typically used to support and seismic-brace which of the following?,Piping and conduits,Suspended lighting fixtures,Tall bookcases,Photovoltaics on rooftops,1,"Trapeze hangers (unistrut with threaded rods) support horizontal conduits, ducts, and pipe runs."
e1-q56,exam1,56,Which lateral force-resisting system resists shear forces primarily through axial tension and compression?,Braced Frame,Moment Frame,Space Frame,Waffle Slab,1,Braced frames resist lateral loads through axial tension and compression in diagonal members.
e1-q57,exam1,57,"Which of the following are recognized categories of automated building energy management controls?
A. Energy Optimization Systems
B. Time-of-day Scheduling Systems
C. Temperature/Time Optimization Systems
D. Demand Control Systems","A, B and C","A, B and D","A, C and D","B, C and D",4,"Time scheduling, setback optimization, and demand control ventilation/load shedding are standard energy management techniques."
e1-q58,exam1,58,"According to passive thermal zoning principles, internal heat-generating 'hot zones' (such as commercial kitchens) should ideally be located along which exposure?",North,East,South,West,1,Placing internal heat-generating spaces on the north (cool) side reduces overall cooling loads by avoiding additional solar heat gain.
e1-q59,exam1,59,"Under CSI MasterFormat, in which division are clock and program systems specified?",10 00 00 - Specialties,11 00 00 - Equipment,12 00 00 - Furnishings,13 00 00 - Special Construction,1,Clock systems and signages fall under Division 10 (Specialties).
e1-q60,exam1,60,"Cost estimates show a project on budget, but the Owner has strict funding and insists on a guarantee that contractor bids will not exceed budget. What should you do?",Agree to guarantee only for an additional fee,Tell the Owner to carry contingencies through bidding,"Explain that architects cannot guarantee bids, and help identify additive/deductive bid alternates",Lower unit cost estimates,3,Architects cannot guarantee bids because they do not control contractor market pricing. Incorporating bid alternates gives the owner budget flexibility.
e1-q61,exam1,61,Public works projects in California are required to be advertised for bids in newspapers/trade publications in which manner?,Twice a week for at least 1 week,Once a week for at least 2 weeks,Twice a week for at least 2 weeks,Once a week for at least 3 weeks,2,California Public Contract Code requires notice inviting bids published once a week for at least two consecutive weeks.
e1-q62,exam1,62,"Which of the following must the Owner furnish to the Contractor under AIA A201?
A. Financial information regarding lien rights
B. Legal description and site survey
C. Special inspection and testing services",A and B,B and C,"A, B and C","A, B and D",3,"Under A201 and California codes, the Owner provides site surveys, financial evidence, and directly contracts independent testing/special inspection agencies."
e1-q63,exam1,63,Which of the following architectural actions constitutes an official interpretation of the Contract Documents?,Responding to Requests for Information (RFIs),Issuing Architect's Supplemental Instructions (ASIs),Issuing Work Change Proposal Requests,All of the above,1,"Responding to an RFI interprets the existing drawings/specifications. ASIs order minor changes, and proposal requests initiate potential changes."
e1-q64,exam1,64,Which of the following is true regarding mediation versus arbitration?,Mediation is non-binding,Arbitration is non-binding,Both are non-binding,Both are binding,1,"Mediation is a non-binding facilitated negotiation. Arbitration results in a final, legally binding award."
e1-q65,exam1,65,Under what circumstance will an Architect issue an Architect's Supplemental Instruction (ASI)?,To order a minor change in the work not involving adjustment in Contract Sum or Contract Time,To provide the Contractor with instructions on means and methods,To supplement information after a Construction Change Directive has been issued,To supersede local code approvals,1,AIA Document G710 (ASI) is used to direct minor changes in the work that do not alter contract sum or time.
e1-q66,exam1,66,"If the Architect discovers evidence that the work cannot be completed for the unpaid contract balance, per AIA A201 the Architect has the right to do what?",Recommend that Owner terminate Contract immediately,Suggest Owner hire another contractor to complete work,Nullify or withhold the whole or part of a Certificate for Payment,File an immediate mechanic's lien on behalf of the owner,3,A201 § 9.5 allows the architect to withhold or nullify a Certificate for Payment to protect the owner from loss.
e1-q67,exam1,67,What is the Contractor's responsibility regarding special inspections during construction?,Submit statement of special inspection to the building official,Employ and pay special inspectors directly,File weekly inspector reports to DSA,Provide access and keep records of all special inspections on the job site,4,"The owner contracts the special inspector, while the contractor coordinates access and keeps copies of records on site."
e1-q68,exam1,68,"When conducting an inspection for a Certificate of Occupancy, which of the following is NOT an inspection item for the Fire Marshal?",Fire rated doors and hardware,Posted occupancy load signage,Lighting occupancy sensors,Fire alarms and strobes,3,"Lighting occupancy sensors are an Energy Code (Title 24 Part 6) / electrical inspection item, not life-safety within the Fire Marshal's scope."
e1-q69,exam1,69,Which of the following does NOT happen at Substantial Completion?,"Owner assumes responsibility for security, utilities, and insurance",Contractor submits Consent of Surety for final payment,Notice of Completion can be recorded by the Owner,Warranties and punch lists commence,2,"Consent of Surety (AIA G707) is submitted at Final Payment / Final Completion, not at Substantial Completion."
e1-q70,exam1,70,What is the California Statute of Limitations for bringing legal action against design professionals for patent (visible/apparent) construction defects?,4 years,8 years,10 years,No statute of limitations,1,California Code of Civil Procedure § 337.1 establishes a 4-year statute of limitations for patent defects (latent defects have a 10-year limit under § 337.15).
e2-q1,exam2,1,The term 'Zone of Intermittent Saturation' refers to which of the following?,The watershed of a seasonal stream or creek,The part of a wetland area that serves as storage for storm water runoff,The subsurface area between the level of summer and winter water table,The subsurface area from grade level to the water table,3,The zone of intermittent saturation is the subsurface soil layer between the lowest seasonal water table (dry/summer) and highest water table (wet/winter).
e2-q2,exam2,2,What is soil liquefaction?,The mixing of saturated cohesionless sand or soil that loses shear strength during earthquake ground shaking,The loosening of top soil during heavy rain,The erosion of bedrock due to capillary action of subsurface drainage,The contamination of underground aquifers by hazardous materials,1,"Liquefaction occurs when loose, saturated granular soils lose strength and stiffness due to increased pore water pressure during seismic shaking."
e2-q3,exam2,3,Which of the following is a naturally occurring radioactive indoor air pollutant?,Lead,Formaldehyde,Radon,Asbestos,3,"Radon is an odorless, naturally occurring radioactive gas produced by the radioactive decay of uranium in soil and rock."
e2-q4,exam2,4,Which of the following is an effective method to ensure ongoing user involvement in an architectural project?,Form a steering committee with representatives from key user groups,Keep users informed by giving presentations at every project milestone,Conduct one-time user surveys,Organize social gatherings and invite users,1,"Forming a steering committee with representatives from key user groups provides active, continuous participation in decision-making."
e2-q5,exam2,5,"Which of the following are recognized methods an architect can use to uncover stakeholder expectations?
A. Charrettes
B. Focus Groups
C. Opinion surveys
D. Direct Observations","A, B and C","A, C and D","B, C and D",All of the above,4,"Different stakeholder groups respond to different discovery methods; charrettes, focus groups, surveys, and site observations are all effective."
e2-q6,exam2,6,Which of the following is NOT a recognized LEED professional credential awarded by GBCI?,LEED Green Associate,LEED Authorized Professional,LEED Commissioning Engineer,LEED Fellow,3,"LEED Commissioning Engineer is not a GBCI credential. Recognized credentials are LEED GA, LEED AP (with specialty), and LEED Fellow."
e2-q7,exam2,7,"In addition to adjacency, what other spatial relationships can typically be shown in Bubble Diagrams?
A. Circulation connections between spaces
B. Spaces that require acoustic privacy
C. Spaces that require future flexibility
D. Spaces that require physical separation with intervening buffers","A, B and C","A, B and D","B, C and D",All of the above,2,"Circulation paths, acoustic separation, and physical barriers can be drawn graphically. Flexibility is programmatic and difficult to represent in a bubble diagram."
e2-q8,exam2,8,"When putting together a feasibility study for a retail shopping mall, which of the following is the most critical factor that determines economic viability?",Zoning regulations,Construction cost,Infrastructure,Demographics,4,"For commercial retail projects, surrounding demographics and buying power dictate whether sufficient customer volume exists to support the center."
e2-q9,exam2,9,Identify the correct sequential workflow of CEQA environmental documentation:,Initial Study -> Notice of Determination -> Notice of Exemption -> Negative Declaration,Notice of Exemption (if applicable) -> Initial Study -> Negative Declaration -> Notice of Determination,Notice of Determination -> Initial Study -> Negative Declaration -> Notice of Exemption,Initial Study -> Notice of Exemption -> Notice of Determination -> Negative Declaration,2,"The lead agency first determines if an exemption applies (NOE). If not exempt, it conducts an Initial Study; if no significant impacts, it drafts a Neg Dec, and finally files a Notice of Determination (NOD)."
e2-q10,exam2,10,Which of the following is classified as an Essential Services Building under California law?,A California Highway Patrol Station,A general acute hospital,A public high school,A regional office of FEMA,1,"Under the Essential Services Buildings Seismic Safety Act, CHP stations, fire stations, police stations, and emergency operations centers are included. (Hospitals are governed by OSHPD/HCAI; FEMA is federal)."
e2-q11,exam2,11,"According to the California Building Code, what is the minimum floor area requirement for an Efficiency Dwelling Unit?",220 sq. ft.,240 sq. ft.,300 sq. ft.,320 sq. ft.,1,CBC Section 1208 requires efficiency dwelling units to have a living room of not less than 220 sq. ft. (or 150 sq. ft. in specific jurisdictions adopting local micro-unit amendments).
e2-q12,exam2,12,"According to the California Building Code, what is the minimum size requirement for a Fire Service Access Elevator (FSAE) lobby?",120 sq. ft. in size and 8 ft. minimum each side,120 sq. ft. in size and 10 ft. minimum each side,150 sq. ft. in size and 8 ft. minimum dimension,150 sq. ft. in size and 10 ft. minimum dimension,3,CBC Section 3007 specifies the FSAE lobby must be not less than 150 sq. ft. with a minimum dimension of 8 feet.
e2-q13,exam2,13,"As per the structural requirements of the California Building Code, Risk Category (Occupancy Category) IV includes which structures?",Buildings and structures designated as essential facilities,Buildings that represent a substantial hazard to human life in event of failure,Buildings that represent a moderate hazard to human life,Buildings that represent a low hazard to human life,1,"Category IV structures are designated essential facilities (police, fire, emergency communications, designated disaster shelters)."
e2-q14,exam2,14,"According to CBC Chapter 11B, in a multi-compartment restroom, an additional 36-inch wide ambulatory accessible stall is required under which condition?",For every 8 water closets,For every 8 fixtures including combinations of urinals and water closets,For every 6 water closets,Where 6 or more water closets and urinals are provided in the room,4,CBC 11B-213.3.1 requires an ambulatory accessible compartment when six or more water closets and urinals combined are installed.
e2-q15,exam2,15,What is the ratio requirement for van-accessible parking spaces under CBC Chapter 11B?,At least one for every 5 or fraction of 5 accessible spaces,At least one for every 6 or fraction of 6 accessible spaces,At least one for every 7 or fraction of 7 accessible spaces,At least one for every 8 or fraction of 8 accessible spaces,2,"CBC 11B-208.2.4 mandates that for every six or fraction of six accessible spaces, at least one must be a van-accessible space (132"" wide stall or 108"" stall with 96"" aisle)."
e2-q16,exam2,16,"For temporary or movable equipment stationed in one place for no more than 8 hours, current code allows enforcing agencies to require seismic restraints when the equipment exceeds what weight?",100 lbs,200 lbs,300 lbs,400 lbs,4,Equipment weighing more than 400 lbs must be anchored to prevent overturning and slide hazards.
e2-q17,exam2,17,The California Electrical Code allows which professional other than registered electrical engineers to serve as Design Reviewers for electrical systems?,Architect,Owner Employed Special Inspector,Building Department Plan Checker,Only electrical engineers,1,Licensed architects are recognized as registered design professionals capable of overall system design review.
e2-q18,exam2,18,"According to the California Health and Safety Code, which of the following safety features is required for all commercial and public swimming pools?",Underwater wet-niche light fixtures,Variable speed circulation pumps,Anti-vortex drains,Anti-entrapment drain covers/devices,4,Anti-entrapment covers complying with ASME/ANSI A112.19.8 (or suction limitation systems) are mandated under the Swimming Pool Safety Act.
e2-q19,exam2,19,"California Design Professional Lien law requires that prior to recording a lien, design professionals must provide the owner with written demand at least how many days in advance?",10 days,15 days,30 days,60 days,1,California Civil Code § 8416 requires design professionals to give the property owner at least 10 days written notice before recording a lien.
e2-q20,exam2,20,"In order to preserve the right to file a mechanic's lien, when must a sub-contractor serve the Preliminary 20-Day Notice?",Within 20 days after starting construction on the job site,Within 20 days after the subcontractor begins providing work or materials,Within 20 days after completing work,Within 20 days of the first progress payment application,2,"Civil Code § 8204 states the preliminary notice must be served not later than 20 days after the claimant first furnishes work, services, or equipment."
e2-q21,exam2,21,"According to the California Clean Air Act, stationary equipment or industrial processes that emit pollutants are required to obtain what from the local AQMD?",Letter of Permission,Permit to Operate (PTO),General Permit,Standard Permit,2,Local Air Quality Management Districts issue an Authority to Construct followed by a Permit to Operate (PTO).
e2-q22,exam2,22,"According to the California Coastal Act, what is the general geographic boundary of the Coastal Zone?",Between the sea and the first public road,"Extends 1 mile seaward and 1,000 yards inland",Extends seaward 3 miles and 100 yards inland,"Extends seaward to state jurisdictional limits (3 nmi) and generally 1,000 yards inland (up to 5 miles in rural habitat/mountain zones)",4,"The Coastal Zone extends 3 miles offshore to the state boundary and inland generally 1,000 yards, expanding up to 5 miles in undeveloped coastal ridgelines."
e2-q23,exam2,23,"Which of the following are required of architects when exercising Responsible Control under California law?
A. Be licensed in California
B. Stamp and sign drawings
C. Exercise standard of care over document preparation
D. Execute a written contract
E. Carry errors and omissions insurance",A and B,"A, B and C","A, B, C and D",All of the above,2,"B&P Code § 5535.1 defines responsible control by licensure, stamp/seal, and direct control and review. Contracts and insurance are business requirements, not components of responsible control."
e2-q24,exam2,24,"Under the Architects Practice Act, in which of the following scenarios is the Architect REQUIRED to have a written contract?",Performing pro bono work with zero compensation,Providing services of the same kind previously rendered to and paid for by the same client,Providing architectural services to a professional traffic engineer,The client states in writing that they do not want a contract,3,"B&P Code § 5536.22 exempts work for professional engineers, but a traffic engineer or unlicensed consultant is not a registered civil/structural/mechanical/electrical engineer."
e2-q25,exam2,25,The California Architects Practice Act states that misdemeanor practice of architecture without a license is punishable by what?,"Fine of $100 to $2,000 or up to 1 year imprisonment","Fine of $100 to $5,000 or imprisonment in county jail up to 1 year, or both","Fine of $200 to $2,000 or up to 2 years imprisonment","Fine of $200 to $5,000 or up to 2 years imprisonment",2,"B&P Code § 5536 makes unlicensed practice a misdemeanor punishable by a fine not less than $100 and not more than $5,000, or by imprisonment up to 1 year, or both."
e2-q26,exam2,26,Which project is exempt from the licensing provisions of the California Architects Practice Act?,"Single-family dwelling of reinforced masonry construction, 2 stories high","Multiple dwellings with 5 wood-frame units, 2 stories high",Clusters of multi-family dwellings totaling 4 units,Garages and similar wood-frame outbuildings not over 2 stories and basement,4,"Wood frame conventional construction garages, outbuildings, and single-family dwellings are exempt under B&P Code § 5537 (masonry construction requires an architect or engineer)."
e2-q27,exam2,27,"To form a Registered Limited Liability Partnership (LLP) in California, the entity must file registration with which agency?",California Secretary of State,Department of Consumer Affairs,Business and Transportation Agency,Department of Corporations,1,"All corporate, LLC, and LLP entity registrations are filed with the California Secretary of State."
e2-q28,exam2,28,California state administrative regulations governing architect firm naming and advertising are found in which title?,Title 2: Administration,Title 4: Business Regulations,Title 11: Law,Title 16: Professional and Vocational Regulations,4,"Title 16, Division 2 contains the rules and regulations of the California Architects Board."
e2-q29,exam2,29,Which of the following is one of the mandatory elements of a California General Plan?,Sustainability,Noise,Recreation,Public Transit,2,"The seven mandatory General Plan elements are Land Use, Circulation, Housing, Conservation, Open Space, Noise, and Safety."
e2-q30,exam2,30,"Which of the following is NOT true regarding private Covenants, Conditions and Restrictions (CC&Rs)?",They are enforced by homeowners associations or private lawsuits,They run with the land to bind future owners,"They govern only physical characteristics of properties such as size, roof color, and landscaping",They are recorded with the county recorder,3,"CC&Rs frequently govern non-physical items such as pet restrictions, rental limitations, quiet hours, and business uses."
e2-q31,exam2,31,Who has legal authority to enforce the federal Americans with Disabilities Act (ADA) in California?,Local Building Departments,Division of the State Architect (DSA),OSHPD / HCAI,U.S. Department of Justice or private parties via civil lawsuits,4,"ADA is a federal civil rights statute enforced by the US Department of Justice and federal courts. Local building departments enforce Title 24, not the ADA."
e2-q32,exam2,32,Which is an area where California Building Code accessibility standards differ and are more stringent than the 2010 ADA Guidelines?,Detectable warning truncated domes at transit boarding and curb ramps,Dimensions of elevator cars,Passenger Loading zones,There are no differences,1,"California mandates yellow detectable warning truncated domes at curb ramps and hazardous vehicular ways, whereas ADA eliminated some of these requirements."
e2-q33,exam2,33,"Under federal aviation regulations, when must an architect/sponsor notify the FAA (Form 7460-1)?",Highways taller than 100 ft,Any construction exceeding 100 ft above ground level,Any construction exceeding 200 ft above ground level or within airport approach slope surfaces,Alterations within set distances from a heliport only,3,FAA notification is required for structures greater than 200 feet above ground level or piercing imaginary approach surfaces.
e2-q34,exam2,34,Which of the following is NOT a federal statute granting the U.S. Army Corps of Engineers regulatory jurisdiction over waters and wetlands?,Rivers and Harbors Act § 10,National Environmental Quality Act,Clean Water Act § 404,"Marine Protection, Research and Sanctuaries Act",2,There is no 'National Environmental Quality Act' (it is NEPA). The Rivers and Harbors Act and Clean Water Act are the Army Corps' statutes.
e2-q35,exam2,35,AF&PA / NDS is the recognized national design standard for which building material?,Wood,Concrete,Masonry,Structural Steel,1,NDS is the National Design Specification for Wood Construction (American Forest & Paper Association / American Wood Council).
e2-q36,exam2,36,"Under the California Unified Program, which local agency typically conducts review and approval of Hazardous Materials Management Plans (HMMP)?",Public Works Department,Department of Environmental Health,Building Department,Local Fire Department,4,Local fire departments act as the CUPA to review HMMPs and chemical inventory hazardous materials disclosure.
e2-q37,exam2,37,"Which building elements are typically submitted to local police departments for Crime Prevention Through Environmental Design (CPTED) review?
A. Security cameras
B. Alarm systems
C. Access control gates
D. Walk-up ATM machines","A, B and C","A, B and D","B, C and D",All of the above,4,"Police departments review security site plans including lighting, ATM sightlines, alarms, and electronic access gates."
e2-q38,exam2,38,Which of the following is NOT an operational responsibility of county Flood Control Districts?,Protection of watercourses and water conveyance,Protection of land and structures from stormwater flooding,Remediation of underground chemical aquifer contamination,Preservation of floodwater for percolation and beneficial reuse,3,"Contamination cleanups are handled by the RWQCB and DTSC, not county flood control agencies."
e2-q39,exam2,39,Which of the following is NOT a regulatory function of the California Air Resources Board (CARB)?,Regulating formaldehyde emissions from plastic pipe products,Controlling VOC emissions from architectural coatings and paints,Reducing mobile emission sources from freight transport,Developing state clean air implementation plans,1,"CARB ATCM limits formaldehyde in composite wood products (MDF, particleboard, hardwood plywood), not plastic plumbing pipes."
e2-q40,exam2,40,"The California Division of the State Architect (DSA) has full plan check and building enforcement authority over which facility types?
A. K-12 public schools
B. Community colleges
C. University of California buildings
D. California State University buildings",A only,A and B,"B, C and D",All of the above,2,DSA regulates K-12 and community colleges under the Field Act. UC and CSU have independent seismic boards and only use DSA for accessibility.
e2-q41,exam2,41,A General / Nationwide Permit issued by the U.S. Army Corps of Engineers applies to which type of work?,Projects approved on an accelerated emergency basis,Projects with severe wetland displacement,Projects that cause only minimal individual and cumulative adverse environmental impacts,Projects with zero environmental touch,3,General/Nationwide permits apply to defined categories of activities that cause only minimal adverse environmental effects.
e2-q42,exam2,42,What is the primary role of the California Governor's Office of Planning and Research (OPR)?,Coordinate statewide environmental review and provide CEQA guidelines,Act as a binding mediator for disputes between cities,Issue environmental permits for highway systems,Approve architectural licenses,1,OPR develops CEQA implementation guidelines and runs the State Clearinghouse to coordinate state environmental reviews.
e2-q43,exam2,43,"Under CEQA, what can a Responsible Agency do if it finds that a Lead Agency prepared an inadequate EIR?","Nothing, the Lead Agency's decision is completely unchallengeable",Request the State Clearinghouse reverse the decision,Appeal to the County Grand Jury,Assume the role of Lead Agency or file a legal challenge within 30 days of the NOD,4,CEQA Guidelines § 15096 allows a responsible agency to take over lead agency duties under certain conditions or file a court petition.
e2-q44,exam2,44,Which of the following is typically included in the civil engineer's scope of design services?,Landscape irrigation design,Pavement design and site parking grading/drainage,Water supply pipes inside the building envelope,Parking lot lighting photometrics,2,"Civil engineers handle site grading, paving sections, and site stormwater drainage. Irrigation is landscape; interior piping is plumbing; lighting is electrical."
e2-q45,exam2,45,Which of the following is NOT considered an effective internal QA/QC coordination practice?,Exchanging milestone progress sets with consultants,Securing written client approvals at completion of each design phase,Holding the first interdisciplinary coordination meeting at the start of the CD phase,Continuous senior peer review throughout the project life cycle,3,Waiting until the Construction Documents phase to hold the first consultant coordination meeting is far too late and leads to substantial redesign.
e2-q46,exam2,46,"Which of the following practices actively builds awareness of the standard of care and strengthens an architect's professional capability?
A. Reviewing prominent design trends
B. Studying product manufacturer technical literature
C. Attending accredited continuing education seminars
D. Participating in peer review programs
E. Publishing an article about self-projects","A, B and C","A, C and E","A, D and E","B, C and D",4,"Manufacturer literature, continuing education courses, and peer reviews sharpen technical competency and align practice with the professional standard of care."
e2-q47,exam2,47,"During Schematic Design, the Owner directs you to bypass Design Development and proceed directly to CDs to fast-track the opening. How should you respond?",Comply immediately and add extra drafting staff,Explain that DD is critical to resolve systems and coordinate engineering; advise of risks and explore other fast-track methods,Demand that contractor shorten the construction duration instead,Refuse outright and terminate the contract,2,Bypassing DD leads to massive coordination failures and cost overruns. The architect should counsel the owner and investigate phased permitting or package bidding.
e2-q48,exam2,48,Your cost estimate shows the project is 5% over budget at the conclusion of Schematic Design. What is your contractual responsibility?,Advise the client not to worry because SD estimates are approximate,Tell the client to secure 5% more financing,Collaborate with the client to evaluate value engineering and adjust scope or finishes to align with budget,Artificially lower the square foot cost numbers on the estimate,3,"Under AIA B101, if the architect's estimate exceeds the budget at the end of SD, the architect must review options with the owner to adjust scope, size, or quality."
e2-q49,exam2,49,Which consultant typically produces drawings that are submitted for Planning Commission design review?,Civil Engineer,Landscape Architect,Structural Engineer,Acoustical Engineer,2,"Landscape architects prepare site layouts, hardscape, tree preservation, and planting plans which are central to planning and design review approvals."
e2-q50,exam2,50,"Under AIA B101, if the Owner suspends the project for more than how many cumulative days may the Architect terminate the agreement?",30 days,60 days,90 days,120 days,3,AIA B101 § 9.3 allows the architect to terminate the contract upon not less than 7 days written notice if the owner suspends the project for more than 90 cumulative days.
e2-q51,exam2,51,Recessed light fixtures and grilles in suspended acoustical tile ceilings are required by California seismic codes to be supported by independent safety wires of what minimum gauge?,10 gauge,11 gauge,12 gauge,14 gauge,3,CISCA guidelines and ASTM standards require two 12-gauge hanger wires connected to opposite corners of recessed light fixtures.
e2-q52,exam2,52,"In earthquake engineering for non-structural components, 'inertia failure' refers to damage caused by which phenomenon?",Excessive shaking and accelerations acting directly on the mass of the non-structural component,Building inter-story drift that distorts wall frames and glazing,Differential settlement of building footings,Soil liquefaction below grade,1,"Inertia forces are proportional to the mass and seismic acceleration ($F = ma$), causing unrestrained heavy components to topple or break anchors."
e2-q53,exam2,53,Which of the following is NOT a design prerequisite for a base-isolated seismic structure?,Superstructure designed to behave as a rigid box above the isolator plane,Limiting building height/slenderness ratio to prevent overturning moments,Upper levels of the building must have zero cantilevers,Flexible utility connections across the seismic isolation moat,3,Superstructures with cantilevers are allowed provided the structure behaves rigidly as a unified diaphragm system above the isolation plane.
e2-q54,exam2,54,Under which soil or site condition is a mat (raft) foundation commonly specified?,Sites with high water tables or low bearing capacity where spread footings would cover over half the footprint,Sites where bedrock is shallow,Steep hillside slopes prone to mudslides,Dry sandy desert conditions,1,Mat foundations distribute loads over a massive footprint to resist differential settlement in weak soils and resist hydrostatic uplift in high water tables.
e2-q55,exam2,55,What is a major operational limitation of air-source heat pumps in cold weather conditions?,Inability to provide cooling,Decreased heating capacity and efficiency (COP) as outside ambient air temperatures drop,High fuel storage requirements,Prohibitive duct requirements,2,"Air-source heat pumps suffer reduced coefficient of performance (COP) and diminished heating capacity in sub-freezing temperatures, requiring supplemental heat."
e2-q56,exam2,56,What is a primary distinction in water management between a curtain wall system and a storefront system?,Glass color availability,Operable sash hardware,"Curtain walls weep moisture horizontally at each story transom, while storefronts weep at the bottom sill flashing",Storefronts cannot receive double glazing,3,Storefronts drain internal condensation to the bottom sub-sill pan; multi-story curtain walls manage water through internal gutters weeping at each floor.
e2-q57,exam2,57,"Other than cost and lead time, what criteria should architects evaluate when specifying materials?
A. Maintenance & Cleanability
B. Durability & Lifespan
C. Owner / User operational needs
D. Aesthetics
E. Whether the product is brand new and untested","A, B, C and D","A, B, C and E","A, B, D and E","B, C, D and E",1,"Specifying untested products without proven track records violates standard risk management practices. Maintenance, durability, user need, and aesthetics are standard."
e2-q58,exam2,58,Which of the following items is typically shown on detail sections and wall details rather than on roof plans?,Roof crickets,Continuous thermal insulation layers,Roof drain locations,Rooftop mechanical equipment,2,"Insulation thickness, vapor retarders, and attachment details are detailed in wall/roof sections; roof plans show geometry, drains, crickets, and curbs."
e2-q59,exam2,59,Which dimensional data is typically found directly on drawing schedules rather than in project specifications?,Ceiling tile sizes,Door and window frame sizes,Plumbing fixture diameters,Stud gauge thicknesses,2,Door and window sizes and opening schedules belong on drawings; material technical performance and standards belong in specs.
e2-q60,exam2,60,Which of the following documents does NOT exist at the time the original bidding documents are issued?,Form of Agreement,General and Supplementary Conditions,Bonding Requirements,Addenda,4,Addenda are modifications issued during the bidding period prior to bid receipt; they do not exist when the initial bid set is issued.
e2-q61,exam2,61,Plan check returns with major spatial conflicts between mechanical duct runs and structural beams. What is your first action?,Notify the owner that the permit is failed,Redesign the ductwork yourself without engineering input,Review the comments and convene an immediate coordination meeting with the mechanical and structural engineers,Instruct the consultants to work it out without architect participation,3,The architect in responsible control leads coordination between structural and MEP disciplines to resolve spatial clashes.
e2-q62,exam2,62,"If the Owner engages a Construction Manager as Advisor (CMa), which architectural CA service is shared or significantly filtered?",Review and certification of contractor payment applications,Issuance of architectural sketches,Final building occupancy inspection,Conducting aesthetic punch lists,1,"Under AIA C132/A232, the Construction Manager reviews and certifies the contractor's payment application before passing it to the architect for joint approval."
e2-q63,exam2,63,What is the registered Architect's legal responsibility regarding Special Inspections under Chapter 17 of the CBC?,Prepare and submit the Statement of Special Inspections to the building official,Directly hire and compensate the special inspectors,Perform all destructive laboratory testing personally,Guarantee that the contractor's work is defect-free,1,The registered design professional prepares and submits the schedule/statement of special inspections to the building official.
e2-q64,exam2,64,"In a construction surety performance or payment bond, who is the 'Principal'?",The Architect,The Owner (Obligee),The General Contractor,The Bonding Surety Company,3,"In surety bonding, the Contractor is the Principal (whose performance is guaranteed), the Owner is the Obligee, and the insurance carrier is the Surety."
e2-q65,exam2,65,Which of the following is a primary characteristic of private binding arbitration compared to courtroom litigation?,Arbitration decisions can easily be appealed on legal errors,Arbitration proceedings are confidential and private,Arbitration is governed by strict public judicial rules of evidence,Arbitration is open to public court reporters,2,"Arbitration proceedings and awards are private and confidential, and grounds for judicial appeal are very limited."
e2-q66,exam2,66,"In a construction contract, what is the definition of 'Liquidated Damages'?",A punitive fine assessed against the contractor for poor workmanship,A penalty imposed on the owner for late progress payments,A pre-agreed reasonable estimate of daily financial loss incurred by the owner if construction is delayed past Substantial Completion,Compensation paid to subcontractors when work is shut down,3,Liquidated damages are a predetermined daily sum intended to compensate the owner for actual financial loss resulting from late completion (not a punitive penalty).
e2-q67,exam2,67,"Which of the following are recognized contract documents used to modify the construction work?
A. Bulletins
B. Change Orders
C. Construction Change Directives (CCD)
D. Orders for a Minor Change in the Work (ASI)","A, B and C","A, B and D","A, C and D","B, C and D",4,"AIA A201 explicitly defines Change Orders, CCDs, and Architect's Orders for a Minor Change. 'Bulletin' is an informal term, not a contract modification document."
e2-q68,exam2,68,"Under AIA Document A201, how many days does the Architect have after receipt of the Contractor's Application for Payment to either certify or withhold payment?",5 days,7 days,10 days,14 days,2,AIA A201 § 9.4.1 requires the architect to either issue a Certificate for Payment or state reasons for withholding within 7 days.
e2-q69,exam2,69,"Under AIA A201 § 14.1, which of the following is a valid ground for the Contractor to terminate the contract?",The work is suspended by the Owner for 10 days,Work is stopped for 30 consecutive days under an act of government or court order through no fault of the Contractor,The Architect takes 8 days to review an RFI,A subcontractor goes out of business,2,The contractor may terminate the contract if the work is stopped for 30 consecutive days by government order or court injunction through no fault of the contractor.
e2-q70,exam2,70,"Which of the following must the Contractor submit to the Architect to receive Final Payment?
A. Contractor's affidavit of payment of debts and claims (AIA G706)
B. Consent of Surety to Final Payment (AIA G707)
C. Final unconditional lien waivers and releases
D. Building occupancy permit","A, B and C","A, B and D","A, C and D","B, C and D",1,"G706, G707, and lien waivers are required closeout submittals for final payment. The certificate of occupancy is issued by the building official to the owner."